{
    "test_validation_params": {
        "eval_loss": 4.776699542999268,
        "eval_precision": 0.20638655462184874,
        "eval_recall": 0.15939771547248183,
        "eval_f1": 0.179874029588399,
        "eval_accuracy": 0.278993905056228,
        "eval_runtime": 106.9634,
        "eval_samples_per_second": 55.972,
        "eval_steps_per_second": 7.002
    }
}